{
  "bindings": [
    {
      "authLevel": "function",
      "type": "httpTrigger",
      "direction": "in",
      "name": "req",
      "methods": [
        "get",
        "post"
      ]
    },
    {
      "type": "http",
      "direction": "out",
      "name": "res"
    },
    {
      "type": "signalRConnectionInfo",
      "name": "connectionInfo",
      "userId": "{username}",
      "hubName": "keurigpoc",
      "direction": "in"
    }
  ],
  "scriptFile": "./dist/index.js"
}